N_MODEL,HIDDEN_SIZE,N_LAYERS,DIRECTIONS,RECALL,PERCISION,F1,RECALL_WO_O,PERCISION_WO_O,F1_WO_O
Model1,500,1,1,0.8226373893000122,0.771467519679618,0.7683288390622002,0.16408114558472553,0.6307450788024811,0.24477896631913457
Model2,500,2,1,0.8276113065631445,0.7604556021603828,0.7822438121065051,0.2315035799522673,0.5227017310655268,0.3128983126383399
Model3,500,3,1,0.8320999636054834,0.7685685359581993,0.7904706028450041,0.2619331742243437,0.5134947181357955,0.3340008189960906
Model4,500,1,2,0.8500545917748392,0.8055579547491063,0.8115702298326347,0.3204057279236277,0.6571103766775698,0.41077536195515774
Model5,500,2,2,0.8752881232560961,0.8379939402706008,0.8544928224314218,0.5011933174224343,0.645731132275022,0.559961799409227
Model6,500,3,2,0.8766225888632779,0.8329084243039988,0.8473285560319379,0.4307875894988067,0.6810944140189771,0.5222510713092164
Model7,800,1,2,0.8606090015770957,0.8156885829049967,0.8350821329250715,0.43257756563245825,0.6006291539158648,0.4978681127449176
Model8,800,2,2,0.8613368919082858,0.8317362123791119,0.8425071885006097,0.5149164677804295,0.6025420673863772,0.5439017520847129
Model9,800,3,2,0.8705568361033604,0.8391557598769859,0.8516190675019053,0.5,0.6101928402266021,0.5410602702113613
